S.No.,,Name,CMP Rs.,Mar Cap Rs.Cr. ,CMP / FCF,P/E,PE / Industry PE %,PEG,Debt / Eq,ROCE %,ROE %,Qtr Sales Var %,Qtr Profit Var %,NP Qtr Rs.Cr.,Profit growth %,Net EPS Growth %,OPM %
1,,Anlon Healthcare,14.08,746.67,-75.49,26.52,0.84,0.06,0.27,24.83,40.45,280.13,306.83,5.15,112.42,0,27.06
2,,Rajesh Power,872.25,1570.69,-54.5,11.38,1,0.07,0.33,48.56,42.65,30.45,32.19,79.48,59.42,0,12.11
3,,Solarworld Ene.,211.21,1833.28,-55.45,22.67,1.22,0.11,0.27,40.36,40.21,183.67,15.3,49.22,48.88,-5.97,10.56
4,,Dynamic Cables,421.9,2046.68,234.57,24.41,0.95,0.87,0.19,26.37,22.07,18.8,41.9,22.42,52.36,29.42,10.75
5,,Frontier Springs,1740.4,2057.74,493.67,36.49,1.24,0.56,0.04,41.56,32.04,39.75,63.57,14.28,101.03,62.72,25.69
6,,Aimtron,1091.9,2250.31,-58,48.95,1.61,,0.24,27.65,23.6,75.94,77.79,25.69,79.36,0,21.84
7,,Insolation Ener,138.62,3056.65,827.22,17.25,0.56,0.11,0.37,34.73,34.87,77.05,173.57,50.72,42.56,14.83,12.17
8,,Carraro India,579.9,3298.79,15.72,28.34,0.96,0.39,0.34,21.84,19.97,27.02,141.58,27.87,44.34,27.7,9.4
9,,Krishana Phosch.,702.05,4251.09,-41.17,23.6,1.21,0.27,1.31,27.24,38.15,59.76,152.83,83.08,108.17,0,12.34
10,,Swaraj Engines,3999.2,4867.13,48.99,24.48,0.61,1.71,0,58.72,43.79,20.18,20.12,54.56,20.36,0,13.56
11,,Websol Energy,114.94,4991.58,-560.33,16.41,0.54,0.11,0.21,63.18,66.94,132.07,152.31,124.5,96.69,0,40.83
12,,Skipper,466.2,5266.22,-216.3,24.45,0.63,0.28,0.64,23.32,16.2,29.42,70.33,75.61,46.41,0,10.31
13,,Fedbank Financi.,147.38,5523.33,-4.76,16.07,0.81,0.75,4.67,9.06,12.56,14.96,40.31,100.53,52.43,0,62.59
14,,Fiem Industries,2267,5962.98,69.18,24.79,0.84,0.86,0.06,27.8,20.99,16.35,34.77,63.37,25.09,18.78,13.74
15,,Pricol Ltd,622.25,7579.79,73.77,35.67,1.21,0.77,0.15,22.87,17.6,63.99,53.66,63.69,22.43,27.3,11.28
S.No.,,Name,CMP Rs.,Mar Cap Rs.Cr. ,CMP / FCF,P/E,PE / Industry PE %,PEG,Debt / Eq,ROCE %,ROE %,Qtr Sales Var %,Qtr Profit Var %,NP Qtr Rs.Cr.,Profit growth %,Net EPS Growth %,OPM %
16,,Prec. Wires (I),421.15,7704.66,183.99,59.28,3.17,4.76,0.19,26.78,16.54,37.19,98.94,37.7,57.8,43.06,5.55
17,,Tips Music,648.35,8289.9,46.05,38.25,1.03,0.92,0.02,122.19,92.33,32.41,92.94,59.06,34.45,0,73.44
18,,Avalon Tech,1387,9264.52,-706.37,82.02,2.7,2.82,0.3,19.54,16.94,40,69.48,41.15,88.28,0,10.81
19,,Volt.Transform.,9535,9649.93,77.52,31.6,0.82,2,0,24.08,18.07,-1.21,-50.53,47.9,-4.22,0,16.5
20,,Quality Power El,1265.7,9794.44,388.91,91.53,2.37,1.61,0.08,26.6,22.06,291.22,169.18,62.76,51.16,61.48,20.97
21,,Kirl.Pneumatic,1560.2,10131.91,73.58,37.67,0.94,1.04,0,30.36,22.92,21.13,68.58,144,26.02,0,20.49
22,,Waaree Renewab.,1028.3,10731.41,66.63,22.42,0.74,0.21,0.16,83.61,68.89,131.31,60.69,155.71,108.05,0,19.24
23,,Lumax Auto Tech.,1736.1,11838.75,103.08,46.08,1.56,1.29,1.05,19.02,20.25,40.31,101.39,108.06,57.03,40.15,13.34
24,,Garware Hi Tech,5290.3,12311.75,67.49,36.4,1.57,1.33,0.01,18.02,13.45,8.9,39.09,108.21,2.12,0,20.5
25,,eClerx Services,1668.7,15709.52,33.56,23.48,0.95,2.98,0.15,27.97,22.8,25.36,40.06,191.81,28.79,24.09,25.24
26,,Shriram Pistons,3604.4,15879.52,54.08,28.29,0.96,0.62,0.2,25.7,23.2,20.67,17.91,125.7,17.02,7.19,20.51
27,,Cemindia Project,956.15,16401.81,73.27,27.44,1.48,0.4,0.38,33.83,28.24,17.42,113.63,242.17,64.96,0,10.15
28,,Emmvee Photovol.,267.8,18537.5,-44.34,17.14,0.56,0.04,0.1,44.83,51.12,62.25,89.43,392.38,193.15,0,34.34
29,,TD Power Systems,1219.6,19024.6,593.83,86.63,2.25,2.21,0.04,30.35,22.31,26.36,25.35,56.32,45.84,25.76,18.41
30,,Belrise Industri,222.39,19797.84,113.62,41.14,1.39,3.86,0.29,14.3,14.09,8.02,25.79,121.97,79.81,6.41,12.35
S.No.,,Name,CMP Rs.,Mar Cap Rs.Cr. ,CMP / FCF,P/E,PE / Industry PE %,PEG,Debt / Eq,ROCE %,ROE %,Qtr Sales Var %,Qtr Profit Var %,NP Qtr Rs.Cr.,Profit growth %,Net EPS Growth %,OPM %
31,,Craftsman Auto,8981.5,21441.53,-43.88,54.52,1.85,3.28,1.11,14.15,12.85,27.28,56.46,116.42,85.21,0,15.34
32,,Acutaas Chemical,2734.3,22418.92,-222.74,62.93,2,1.02,0.02,31.56,24.05,40.28,110.88,134.28,124.49,0,35.87
33,,Kirloskar Oil,1728.9,25142.8,-25.8,46.26,1.15,1.2,1.64,13.68,15.4,28.82,79.61,109.13,12.46,11.72,18.44
34,,C D S L,1259.3,26319.37,75.47,57.7,1.29,3.13,0,31.97,24.52,17.11,-20.03,79.79,-13.45,0,50.81
35,,Navin Fluo.Intl.,7041.5,36112.14,225.58,54.01,1.77,2.44,0.32,21.37,20.26,33.78,113.03,212.62,131.71,0,32.64
36,,Aster DM Health.,742.4,38483.54,-328.18,94.29,1.88,-71.98,0.49,11.4,10.7,18.2,41.97,153.58,36.6,0,18.61
37,,KEI Industries,5099.6,48817.92,-157.59,53.15,2.07,2.18,0.04,20.07,14.75,19.27,25.5,284.31,31.98,0,10.46
38,,Apar Inds.,12810,51466.47,248.19,51.9,1.71,1.08,0.14,32.7,19.5,16.18,29.8,208.93,22.79,18.54,8.46
39,,APL Apollo Tubes,1948.6,54129.2,65.91,44.99,1.96,1.94,0.09,31.64,25.31,13.81,20.89,354.35,62.47,0,7.81
40,,Nippon Life Ind.,1103.4,70409.72,75.03,46.04,1.45,1.62,0.02,43.8,34.48,30.39,28.84,384.72,18.89,0,66.26
41,,Natl. Aluminium,401.95,73722.92,21.86,12.72,0.58,0.21,0,39.59,29.42,-4.84,-16.68,1722.44,10.05,0,44.43
42,,Persistent Systems,5113.6,80678.37,69.51,41.76,1.9,1.51,0.06,34.43,27.3,25.1,33.73,529.26,42.29,0,18.95
43,,Waaree Energies,3230.1,92912.82,-118.37,23.66,0.78,0.24,0.22,38.78,32.83,111.8,70.64,1126.26,111.07,0,22.27
44,,HDFC AMC,2854,122284.85,59.74,42.77,1.34,1.63,0,42.88,32.93,16.56,-2.42,623.29,16.19,0,80.06
45,,Polycab India,9083,136750.3,113.01,51.18,1.99,1.7,0.02,34.32,24.48,26.89,6.34,785.61,38.37,0,13.87
S.No.,,Name,CMP Rs.,Mar Cap Rs.Cr. ,CMP / FCF,P/E,PE / Industry PE %,PEG,Debt / Eq,ROCE %,ROE %,Qtr Sales Var %,Qtr Profit Var %,NP Qtr Rs.Cr.,Profit growth %,Net EPS Growth %,OPM %
46,,BSE,3907.4,159148.04,89.02,64.04,1,0.52,0,58.03,44.79,84.67,61.47,795.47,78.5,0,63.69
47,,Eicher Motors,7302.5,200260.55,75.02,37.08,1.28,0.9,0.02,29.81,24.1,22.94,25.12,1420.61,21.58,13.12,24.5
48,,Bharat Electron,439.7,321228.23,229.34,53.86,0.79,1.77,0,38.88,29.22,23.97,20.45,1579.7,19.48,12.09,29.71
49,,Adani Power,225.33,434617.55,69.68,33.86,1.1,5.61,0.84,17.29,21.16,-0.1,52.34,4271.4,-0.9,0,36.52
